{
  "dataset": "bloodcells",
  "model": "cls_bloodcells_vit_tiny_patch16_224",
  "num_classes": 5,
  "test_macro_auroc": 0.9985255002975464,
  "test_accuracy": 0.9906666278839111,
  "classification_report": {
    "basophil": {
      "precision": 1.0,
      "recall": 0.9666666666666667,
      "f1-score": 0.9830508474576272,
      "support": 150.0
    },
    "erythroblast": {
      "precision": 1.0,
      "recall": 0.9933333333333333,
      "f1-score": 0.9966555183946488,
      "support": 150.0
    },
    "monocyte": {
      "precision": 0.9615384615384616,
      "recall": 1.0,
      "f1-score": 0.9803921568627451,
      "support": 150.0
    },
    "myeloblast": {
      "precision": 0.9933774834437086,
      "recall": 1.0,
      "f1-score": 0.9966777408637874,
      "support": 150.0
    },
    "seg_neutrophil": {
      "precision": 1.0,
      "recall": 0.9933333333333333,
      "f1-score": 0.9966555183946488,
      "support": 150.0
    },
    "accuracy": 0.9906666666666667,
    "macro avg": {
      "precision": 0.9909831889964341,
      "recall": 0.9906666666666666,
      "f1-score": 0.9906863563946914,
      "support": 750.0
    },
    "weighted avg": {
      "precision": 0.9909831889964341,
      "recall": 0.9906666666666667,
      "f1-score": 0.9906863563946915,
      "support": 750.0
    }
  }
}