{
  "dataset": "bloodcells",
  "model": "cls_bloodcells_resnet18",
  "num_classes": 5,
  "test_macro_auroc": 0.9983999133110046,
  "test_accuracy": 0.9933333396911621,
  "classification_report": {
    "basophil": {
      "precision": 0.9933333333333333,
      "recall": 0.9933333333333333,
      "f1-score": 0.9933333333333333,
      "support": 150.0
    },
    "erythroblast": {
      "precision": 1.0,
      "recall": 0.9866666666666667,
      "f1-score": 0.9932885906040269,
      "support": 150.0
    },
    "monocyte": {
      "precision": 0.9803921568627451,
      "recall": 1.0,
      "f1-score": 0.9900990099009901,
      "support": 150.0
    },
    "myeloblast": {
      "precision": 0.9933333333333333,
      "recall": 0.9933333333333333,
      "f1-score": 0.9933333333333333,
      "support": 150.0
    },
    "seg_neutrophil": {
      "precision": 1.0,
      "recall": 0.9933333333333333,
      "f1-score": 0.9966555183946488,
      "support": 150.0
    },
    "accuracy": 0.9933333333333333,
    "macro avg": {
      "precision": 0.9934117647058823,
      "recall": 0.9933333333333334,
      "f1-score": 0.9933419571132663,
      "support": 750.0
    },
    "weighted avg": {
      "precision": 0.9934117647058823,
      "recall": 0.9933333333333333,
      "f1-score": 0.9933419571132664,
      "support": 750.0
    }
  }
}