{
    "loss": 0.5548481345176697,
    "accuracy": 0.990158106803894,
    "iou_metric": 0.5958790695667267,
    "dice_coefficient": 0.65746445775032043
}