{
    "loss": 0.5348481345176697,
    "accuracy": 0.989158106803894,
    "iou_metric": 0.5058790695667267,
    "dice_coefficient": 0.56746445775032043
}