{
    "loss": [
        0.9786484241485596,
        0.9586132168769836,
        0.962011992931366,
        0.759271502494812,
        0.7441409826278687,
        0.6534183025360107,
        0.6018952131271362,
        0.6024409532546997,
        0.5805321335792542,
        0.5791915059089661,
        0.5702193379402161,
        0.5898338556289673,
        0.5897049999999999,
        0.6015000000000001,
        0.565686,
        0.5869400000000001,
        0.562146,
        0.573038,
        0.566428,
        0.547341,
        0.530545711517334,
        0.5093885064125061,
        0.5114237666130066,
        0.49735984206199646,
        0.4910271167755127,
        0.4918544590473175,
        0.48382532596588135,
        0.4869523346424103,
        0.48370233178138733,
        0.47348713874816895,
        0.4769451320171356,
        0.4702790081501007,
        0.4678550362586975,
        0.4669625163078308,
        0.4622536599636078,
        0.4621138274669647,
        0.46056902408599854,
        0.4593009650707245,
        0.45851409435272217,
        0.45822834968566895
    ],
    "accuracy": [
        0.5689730048179626,
        0.7686507701873779,
        0.8003891110420227,
        0.9734904766082764,
        0.9833779335021973,
        0.9602582454681396,
        0.9747692346572876,
        0.9835347533226013,
        0.9792560338973999,
        0.9832097887992859,
        0.9847766757011414,
        0.9777135252952576,
        0.9297785725160836,
        0.9343811270866393,
        0.9365377430915832,
        0.9352959425449371,
        0.9362137109041214,
        0.9336153293619156,
        0.9388495432138443,
        0.939995441794395,
        0.9891872406005859,
        0.9875711798667908,
        0.989284336566925,
        0.9877632260322571,
        0.9897312521934509,
        0.9883576035499573,
        0.9895007014274597,
        0.9896843433380127,
        0.9895213842391968,
        0.990605890750885,
        0.9898270964622498,
        0.9895431995391846,
        0.9904507398605347,
        0.9906082153320312,
        0.9907158613204956,
        0.9909766912460327,
        0.9902106523513794,
        0.9906516075134277,
        0.990834653377533,
        0.9908513426780701
    ],
    "iou_metric": [
        0.010130,
        0.03458,
        0.01991,
        0.18757,
        0.20281,
        0.25787,
        0.28207,
        0.29007,
        0.30086,
        0.31190,
        0.32200,
        0.32739,
        0.32547,
        0.34440,
        0.35631,
        0.35996,
        0.36617,
        0.36976,
        0.38188,
        0.37592,
        0.39991,
        0.39319,
        0.40761,
        0.37912,
        0.42468,
        0.43953,
        0.42956,
        0.44965,
        0.41980,
        0.43599,
        0.45188,
        0.46444,
        0.47276,
        0.46756,
        0.47730,
        0.47787,
        0.48889,
        0.49892,
        0.50847,
        0.51301
    ],
    "dice_coefficient": [
        0.01992,
        0.05490,
        0.03739,
        0.25948,
        0.27054,
        0.34313,
        0.37997,
        0.38702,
        0.39505,
        0.40743,
        0.41328,
        0.38543,
        0.41279,
        0.44579,
        0.42518,
        0.44267,
        0.45115,
        0.45994,
        0.45913,
        0.47139,
        0.48169,
        0.49823,
        0.50069,
        0.48925,
        0.50601,
        0.50405,
        0.51980,
        0.53225,
        0.52356,
        0.52992,
        0.56316,
        0.57599,
        0.57691,
        0.58144,
        0.59172,
        0.61159,
        0.60352,
        0.61356,
        0.61413,
        0.61244
    ],
    "val_loss": [
        0.9857683181762695,
        0.9059092998504639,
        0.9554480314254761,
        0.8161974549293518,
        0.7269406914710999,
        0.7368267774581909,
        0.7294130921363831,
        0.601841151714325,
        0.6838477849960327,
        0.6994177103042603,
        0.6179999709129333,
        0.6861352324485779,
        0.71953,
        0.72647,
        0.75300,
        0.70210,
        0.69999,
        0.71036,
        0.69369,
        0.67550,
        0.644993782043457,
        0.6596088409423828,
        0.6609071493148804,
        0.6521586775779724,
        0.6301124691963196,
        0.6375149488449097,
        0.628259003162384,
        0.6408856511116028,
        0.6233158111572266,
        0.6256648302078247,
        0.6229709982872009,
        0.6228516101837158,
        0.620505154132843,
        0.6202632784843445,
        0.6218929886817932,
        0.620965301990509,
        0.6218920946121216,
        0.6214657425880432,
        0.6214591264724731,
        0.621397852897644
    ],
    "val_accuracy": [
        0.5662998557090759,
        0.9154719710350037,
        0.9625135660171509,
        0.9228140711784363,
        0.9839609861373901,
        0.9897236227989197,
        0.9924803972244263,
        0.9847902655601501,
        0.9832240343093872,
        0.9848998188972473,
        0.9858777523040771,
        0.9830123782157898,
        0.93392,
        0.93911,
        0.94209,
        0.94015,
        0.94215,
        0.93600,
        0.94712,
        0.94910,
        0.9870133996009827,
        0.9926116466522217,
        0.9845439195632935,
        0.9928202629089355,
        0.9904615879058838,
        0.9922349452972412,
        0.9922083020210266,
        0.9866199493408203,
        0.9911291003227234,
        0.9894189238548279,
        0.9903319478034973,
        0.9908496141433716,
        0.9912561178207397,
        0.9913121461868286,
        0.9918944835662842,
        0.9912693500518799,
        0.9917699694633484,
        0.9918155074119568,
        0.9918424487113953,
        0.9918439388275146
    ],
    "val_iou_metric": [
        0.00661,
        0.04493,
        0.03709,
        0.18461,
        0.29078,
        0.32665,
        0.31854,
        0.31258,
        0.32384,
        0.33284,
        0.33750,
        0.21150,
        0.34017,
        0.37378,
        0.36746,
        0.31479,
        0.37696,
        0.39187,
        0.33391,
        0.39485,
        0.39797,
        0.40133,
        0.42117,
        0.42877,
        0.43345,
        0.44155,
        0.44851,
        0.45272,
        0.45758,
        0.46420,
        0.47047,
        0.47895,
        0.48744,
        0.49649,
        0.50510,
        0.51421,
        0.52349,
        0.53068,
        0.53695,
        0.54299
    ],
    "val_dice_coefficient": [
        0.01042,
        0.02733,
        0.04164,
        0.07340,
        0.10827,
        0.14720,
        0.17959,
        0.20882,
        0.24382,
        0.27333,
        0.29612,
        0.31571,
        0.33664,
        0.36009,
        0.38417,
        0.40570,
        0.46566,
        0.42575,
        0.48266,
        0.49823,
        0.51177,
        0.54407,
        0.44565,
        0.52278,
        0.56687,
        0.53391,
        0.56050,
        0.55254,
        0.57356,
        0.57872,
        0.59243,
        0.58261,
        0.58572,
        0.59653,
        0.58839,
        0.59490,
        0.59165,
        0.59796,
        0.59589,
        0.59779
    ],