{
    "loss": [
        0.9786484241485596,
        0.9586132168769836,
        0.962011992931366,
        0.759271502494812,
        0.7441409826278687,
        0.6534183025360107,
        0.6018952131271362,
        0.6024409532546997,
        0.5805321335792542,
        0.5791915059089661,
        0.5702193379402161,
        0.5898338556289673,
        0.5618653893470764,
        0.5730514526367188,
        0.5387495160102844,
        0.5589917898178101,
        0.5410919785499573,
        0.5505121946334839,
        0.5432654619216919,
        0.5222300291061401,
        0.530545711517334,
        0.5093885064125061,
        0.5114237666130066,
        0.49735984206199646,
        0.4910271167755127,
        0.4918544590473175,
        0.48382532596588135,
        0.4869523346424103,
        0.48370233178138733,
        0.47348713874816895,
        0.4769451320171356,
        0.4702790081501007,
        0.4678550362586975,
        0.4669625163078308,
        0.4622536599636078,
        0.4621138274669647,
        0.46056902408599854,
        0.4593009650707245,
        0.45851409435272217,
        0.45822834968566895
    ],
    "accuracy": [
        0.5689730048179626,
        0.7686507701873779,
        0.8003891110420227,
        0.9734904766082764,
        0.9833779335021973,
        0.9602582454681396,
        0.9747692346572876,
        0.9835347533226013,
        0.9792560338973999,
        0.9832097887992859,
        0.9847766757011414,
        0.9777135252952576,
        0.9787142872810364,
        0.9835596084594727,
        0.9860395193099976,
        0.9845220446586609,
        0.9854881167411804,
        0.9827529788017273,
        0.988262951374054,
        0.9884162545204163,
        0.9891872406005859,
        0.9875711798667908,
        0.989284336566925,
        0.9877632260322571,
        0.9897312521934509,
        0.9883576035499573,
        0.9895007014274597,
        0.9896843433380127,
        0.9895213842391968,
        0.990605890750885,
        0.9898270964622498,
        0.9895431995391846,
        0.9904507398605347,
        0.9906082153320312,
        0.9907158613204956,
        0.9909766912460327,
        0.9902106523513794,
        0.9906516075134277,
        0.990834653377533,
        0.9908513426780701
    ],
    "iou_metric": [
        0.010904301889240742,
        0.03718351945281029,
        0.021405046805739403,
        0.20168708264827728,
        0.21806684136390686,
        0.27727678418159485,
        0.3033008575439453,
        0.3119014799594879,
        0.32243385910987854,
        0.33429935574531555,
        0.3451441526412964,
        0.35095582246780396,
        0.37659350872039795,
        0.371399849653244,
        0.38527122020721436,
        0.389462251663208,
        0.39695786237716675,
        0.4001370358467102,
        0.4127855384349823,
        0.4063689398765564,
        0.43001336693763733,
        0.42386236667633057,
        0.4393667757511139,
        0.409383088350296,
        0.458803254365921,
        0.4747624671459198,
        0.46404409170150757,
        0.48564038395881653,
        0.4535484302043915,
        0.47096251249313354,
        0.4880484616756439,
        0.5015545856952667,
        0.5110375154018402,
        0.50597540259361267,
        0.5164583194255829,
        0.5170402693748474,
        0.52891164660453796,
        0.5396975636482239,
        0.54996456265449524,
        0.5548481345176697
    ],
    "dice_coefficient": [
        0.02141755260527134,
        0.059033047407865524,
        0.04020905867218971,
        0.2790147662162781,
        0.29090553522109985,
        0.3689582943916321,
        0.4085782766342163,
        0.41615399718284607,
        0.4247869849205017,
        0.43810179829597473,
        0.44546544551849365,
        0.41551727056503296,
        0.4438576400279999,
        0.4782746434211731,
        0.45807555317878723,
        0.4757574200630188,
        0.48510685443878174,
        0.4945158851146698,
        0.4938469624519348,
        0.5068757426738739,
        0.5179498291015625,
        0.5357377219200134,
        0.5383730816841125,
        0.5260751843452454,
        0.5451803994178772,
        0.5429560637474062,
        0.5589293026924133,
        0.5733849787712097,
        0.5640465211868286,
        0.5704086112976074,
        0.6066339588165283,
        0.619362063407898,
        0.6203311157226562,
        0.6252117824554443,
        0.6351835894584656,
        0.656547999382019,
        0.6478809380531311,
        0.6586670637130737,
        0.6592743492126533,
        0.65746445775032043
    ],
    "val_loss": [
        0.9857683181762695,
        0.9059092998504639,
        0.9554480314254761,
        0.8161974549293518,
        0.7269406914710999,
        0.7368267774581909,
        0.7294130921363831,
        0.601841151714325,
        0.6838477849960327,
        0.6994177103042603,
        0.6179999709129333,
        0.6861352324485779,
        0.6852657198905945,
        0.6806133389472961,
        0.7348242402076721,
        0.6686723828315735,
        0.6666586399078369,
        0.6774842739105225,
        0.660661518573761,
        0.6423899531364441,
        0.644993782043457,
        0.6596088409423828,
        0.6609071493148804,
        0.6521586775779724,
        0.6301124691963196,
        0.6375149488449097,
        0.628259003162384,
        0.6408856511116028,
        0.6233158111572266,
        0.6256648302078247,
        0.6229709982872009,
        0.6228516101837158,
        0.620505154132843,
        0.6202632784843445,
        0.6218929886817932,
        0.620965301990509,
        0.6218920946121216,
        0.6214657425880432,
        0.6214591264724731,
        0.621397852897644
    ],
    "val_accuracy": [
        0.5662998557090759,
        0.9154719710350037,
        0.9625135660171509,
        0.9228140711784363,
        0.9839609861373901,
        0.9897236227989197,
        0.9924803972244263,
        0.9847902655601501,
        0.9832240343093872,
        0.9848998188972473,
        0.9858777523040771,
        0.9830123782157898,
        0.9813907146453857,
        0.9873188734054565,
        0.9642384052276611,
        0.9846833944320679,
        0.9880880117416382,
        0.9930080771446228,
        0.9828855991363525,
        0.991218090057373,
        0.9870133996009827,
        0.9926116466522217,
        0.9845439195632935,
        0.9928202629089355,
        0.9904615879058838,
        0.9922349452972412,
        0.9922083020210266,
        0.9866199493408203,
        0.9911291003227234,
        0.9894189238548279,
        0.9903319478034973,
        0.9908496141433716,
        0.9912561178207397,
        0.9913121461868286,
        0.9918944835662842,
        0.9912693500518799,
        0.9917699694633484,
        0.9918155074119568,
        0.9918424487113953,
        0.9918439388275146
    ],