{
    "loss": 0.07937094569206238,
    "accuracy": 0.7877064943313599,
    "iou_metric": 0.678372323513031,
    "dice_coefficient": 0.7669757604598999
}