{"loss": [0.5570690035820007, 0.4147723615169525, 0.36672520637512207, 0.356863796710968, 0.3433060050010681, 0.3318621516227722, 0.3453940451145172, 0.3329099118709564, 0.3290727138519287, 0.32784977555274963, 0.3152754008769989, 0.3174980580806732, 0.3152223825454712, 0.3021184802055359, 0.3036147654056549, 0.2966705858707428, 0.3026979863643646, 0.2899610996246338, 0.2839120030403137, 0.2811509072780609], "accuracy": [0.9825984239578247, 0.982949435710907, 0.9862345457077026, 0.9877790808677673, 0.9871295690536499, 0.9901013970375061, 0.9875046014785767, 0.9890381693840027, 0.9889179468154907, 0.9895879626274109, 0.9898637533187866, 0.9900974631309509, 0.9898807406425476, 0.9913161993026733, 0.9907737970352173, 0.9914404153823853, 0.990017831325531, 0.9923471808433533, 0.9921922087669373, 0.9921959042549133], "iou_metric": [0.1851799637079239, 0.32456710934638977, 0.38622719049453735, 0.41325026750564575, 0.4040154218673706, 0.44682642817497253, 0.4120824337005615, 0.444134384393692, 0.4380721151828766, 0.43006521463394165, 0.4597879648208618, 0.4344978630542755, 0.46952399611473083, 0.46227797865867615, 0.4656064212322235, 0.4850577712059021, 0.49743807315826416, 0.4876505136489868, 0.4920920729637146, 0.5208685398101807], "dice_coefficient": [0.18537956476211548, 0.3844987154006958, 0.46230775117874146, 0.49103617668151855, 0.48868513107299805, 0.528376042842865, 0.49328988790512085, 0.5258120894432068, 0.5197712182998657, 0.51368248462677, 0.544573187828064, 0.5164995193481445, 0.5556939840316772, 0.5495644211769104, 0.5535705089569092, 0.5741957426071167, 0.5787131190299988, 0.5750014185905457, 0.5801491737365723, 0.606708824634552], "val_loss": [0.4715239703655243, 0.436831533908844, 0.3891986012458801, 0.39514315128326416, 0.38990768790245056, 0.535128116607666, 0.39080220460891724, 0.3980407118797302, 0.39028340578079224, 0.37128081917762756, 0.37531960010528564, 0.371340274810791, 0.3841079771518707, 0.37616240978240967, 0.3801262080669403, 0.34409356117248535, 0.35718780755996704, 0.35360974073410034, 0.34463322162628174, 0.3467172682285309], "val_accuracy": [0.9922606348991394, 0.9940162897109985, 0.9893362522125244, 0.9868693351745605, 0.98760986328125, 0.9305134415626526, 0.9931765198707581, 0.9859409332275391, 0.9848385453224182, 0.9920166730880737, 0.9923455715179443, 0.9928280115127563, 0.9859786629676819, 0.9936471581459045, 0.9860436320304871, 0.9922918081283569, 0.9926331043243408, 0.9943397045135498, 0.9924516677856445, 0.9925133585929871], "val_iou_metric": [0.2926829159259796, 0.36605894565582275, 0.42627468705177307, 0.3693765103816986, 0.42738020420074463, 0.10795506089925766, 0.44293418526649475, 0.3659355640411377, 0.3073975443840027, 0.42341548204421997, 0.4429084062576294, 0.44854986667633057, 0.29060235619544983, 0.4699629247188568, 0.32151228189468384, 0.41981956362724304, 0.44481706619262695, 0.4562581777572632, 0.4165137708187103, 0.46553438901901245], "val_dice_coefficient": [0.2926829159259796, 0.40773409605026245, 0.4904741048812866, 0.4338536560535431, 0.4942209720611572, 0.163599893450737, 0.4962059557437897, 0.42945581674575806, 0.3767646849155426, 0.489258736371994, 0.5055044293403625, 0.5094404220581055, 0.3589816689491272, 0.524823784828186, 0.39198002219200134, 0.4950660467147827, 0.5130358338356018, 0.5173212289810181, 0.4949263632297516, 0.5372521281242371]}