{
    "loss": 0.4489839971065521,
    "accuracy": 0.9897913932800293,
    "iou_metric": 0.28569039702415466,
    "dice_coefficient": 0.37997180223464966
}