{
    "loss": 0.2450571060180664,
    "accuracy": 0.9741531014442444,
    "iou_metric": 0.5784927010536194,
    "dice_coefficient": 0.6805304884910583
}