{
    "loss": 0.30798646807670593,
    "accuracy": 0.9895152449607849,
    "iou_metric": 0.4689660370349884,
    "dice_coefficient": 0.5565481185913086
}