{"loss": [0.7395085692405701, 0.6231011152267456, 0.5543369054794312, 0.5183815956115723, 0.49802932143211365, 0.4919756352901459, 0.48527491092681885, 0.4831629991531372, 0.48907679319381714, 0.47281402349472046, 0.4769628942012787, 0.46682170033454895, 0.46396419405937195, 0.4540759027004242, 0.4557989239692688, 0.450786292552948, 0.44768279790878296, 0.4461944103240967, 0.4410596787929535, 0.4482155740261078], "accuracy": [0.982695996761322, 0.9849060773849487, 0.9785395860671997, 0.9861982464790344, 0.9842811226844788, 0.9847027063369751, 0.9837886095046997, 0.9859480857849121, 0.9851515889167786, 0.9870795011520386, 0.9851105809211731, 0.9869163036346436, 0.987698495388031, 0.988153874874115, 0.987629771232605, 0.9887555837631226, 0.988624095916748, 0.9891185760498047, 0.990300714969635, 0.9883302450180054], "iou_metric": [0.005949273239821196, 0.07832076400518417, 0.1565185934305191, 0.20500308275222778, 0.23154903948307037, 0.24243882298469543, 0.24775812029838562, 0.24933114647865295, 0.24434727430343628, 0.2647169828414917, 0.25788044929504395, 0.26816996932029724, 0.2741185426712036, 0.2861899435520172, 0.2822186350822449, 0.2887497842311859, 0.28964751958847046, 0.2921040654182434, 0.2991296947002411, 0.29283249378204346], "dice_coefficient": [0.011739544570446014, 0.13037215173244476, 0.23388245701789856, 0.2846269905567169, 0.31562069058418274, 0.32424983382225037, 0.333359956741333, 0.3340758979320526, 0.32670003175735474, 0.3484252989292145, 0.34514790773391724, 0.3549098074436188, 0.3590332567691803, 0.3731151521205902, 0.37054988741874695, 0.3781982660293579, 0.3810698986053467, 0.38346317410469055, 0.38888317346572876, 0.38079899549484253], "val_loss": [0.7040274143218994, 0.603114902973175, 0.6210942268371582, 0.5591398477554321, 0.5656875967979431, 0.579393208026886, 0.5570817589759827, 0.5427150726318359, 0.5429374575614929, 0.5521820187568665, 0.5423710346221924, 0.5363026857376099, 0.5285100340843201, 0.534996509552002, 0.5276645421981812, 0.525364875793457, 0.5172593593597412, 0.5211032629013062, 0.5390095710754395, 0.5129730701446533], "val_accuracy": [0.9928137063980103, 0.9864270687103271, 0.9466187953948975, 0.985842227935791, 0.9897154569625854, 0.9743364453315735, 0.9910848140716553, 0.9868443012237549, 0.98540860414505, 0.9807981252670288, 0.9827967882156372, 0.98576819896698, 0.9866817593574524, 0.9911455512046814, 0.985248863697052, 0.9918680787086487, 0.9888724088668823, 0.9931226968765259, 0.9812386631965637, 0.9926142692565918], "val_iou_metric": [0.00794943980872631, 0.09520041942596436, 0.10235357284545898, 0.15731845796108246, 0.15426023304462433, 0.14186741411685944, 0.16393281519412994, 0.1787818968296051, 0.18021605908870697, 0.16915088891983032, 0.17917540669441223, 0.1839996576309204, 0.19420307874679565, 0.19316917657852173, 0.1958514153957367, 0.2043849378824234, 0.20656932890415192, 0.20993179082870483, 0.18716385960578918, 0.21696597337722778], "val_dice_coefficient": [0.015625016763806343, 0.15167254209518433, 0.16028325259685516, 0.2202998548746109, 0.2116001397371292, 0.20599448680877686, 0.2208123803138733, 0.2440158724784851, 0.24532155692577362, 0.23667576909065247, 0.24689194560050964, 0.2535378336906433, 0.26383018493652344, 0.2535238265991211, 0.26661476492881775, 0.26663076877593994, 0.2780459225177765, 0.27020686864852905, 0.2587586045265198, 0.2816038727760315]}