{"loss": [0.22538766264915466, 0.11024026572704315, 0.09848158806562424, 0.09456328302621841, 0.09261855483055115, 0.09001365303993225, 0.08840316534042358, 0.0869128480553627, 0.0859636664390564, 0.0841684639453888, 0.08312714844942093, 0.08210845291614532, 0.08184301108121872, 0.08109701424837112, 0.08065589517354965, 0.08069279789924622, 0.0801883116364479, 0.07964465022087097, 0.08036071807146072, 0.07935261726379395], "accuracy": [0.7911794781684875, 0.7912872433662415, 0.7910838723182678, 0.7910235524177551, 0.7910465002059937, 0.7912909388542175, 0.7915164232254028, 0.7917414903640747, 0.7917877435684204, 0.7919766902923584, 0.7920216917991638, 0.7920392155647278, 0.7920467853546143, 0.7920658588409424, 0.7920653223991394, 0.7920588850975037, 0.7920711636543274, 0.7920811772346497, 0.7920716404914856, 0.792083203792572], "iou_metric": [0.0011228875955566764, 0.36317768692970276, 0.4666963517665863, 0.4924985468387604, 0.5073570609092712, 0.5301480293273926, 0.5468710660934448, 0.5669498443603516, 0.5810564756393433, 0.6029841899871826, 0.6148176789283752, 0.6278821229934692, 0.6382502317428589, 0.6526272892951965, 0.6550377607345581, 0.6540156602859497, 0.6609764099121094, 0.6677843928337097, 0.667244017124176, 0.6733243465423584], "dice_coefficient": [0.0020609810017049313, 0.47713255882263184, 0.5808408856391907, 0.6036375164985657, 0.6160508394241333, 0.6326421499252319, 0.6444942951202393, 0.6636127233505249, 0.6700359582901001, 0.6898922920227051, 0.7003111243247986, 0.7086504101753235, 0.7200480699539185, 0.7362502217292786, 0.7372514605522156, 0.7373318672180176, 0.7430769801139832, 0.7500637769699097, 0.7500208616256714, 0.7547905445098877], "val_loss": [0.11870741844177246, 0.09844139218330383, 0.09565401822328568, 0.09089232236146927, 0.08909162133932114, 0.09066405147314072, 0.0857275202870369, 0.08572418987751007, 0.08294375985860825, 0.08195508271455765, 0.08239029347896576, 0.0811106413602829, 0.07965592294931412, 0.07990439981222153, 0.07962767034769058, 0.07934142649173737, 0.07844714820384979, 0.0788034126162529, 0.07832016050815582, 0.07797512412071228], "val_accuracy": [0.7944584488868713, 0.793775200843811, 0.7923551797866821, 0.7934201955795288, 0.7938544750213623, 0.7919557690620422, 0.7943125367164612, 0.7938243746757507, 0.7944536805152893, 0.7944348454475403, 0.7943222522735596, 0.7944270968437195, 0.7945069670677185, 0.7944936156272888, 0.7944880127906799, 0.7944671511650085, 0.794511079788208, 0.7945030927658081, 0.7945095896720886, 0.7945218682289124], "val_iou_metric": [0.06978108733892441, 0.4478665888309479, 0.5423450469970703, 0.5375963449478149, 0.5186886787414551, 0.5576044917106628, 0.5004262924194336, 0.628550112247467, 0.5607206225395203, 0.6203926801681519, 0.6362113356590271, 0.6580858826637268, 0.6342406272888184, 0.634798526763916, 0.6871808767318726, 0.665888249874115, 0.6667437553405762, 0.6708231568336487, 0.6581739187240601, 0.6638888716697693], "val_dice_coefficient": [0.1260785162448883, 0.5687255859375, 0.6394306421279907, 0.640417754650116, 0.6285274624824524, 0.6529229879379272, 0.6010587215423584, 0.7184866070747375, 0.657569169998169, 0.7182087302207947, 0.73553067445755, 0.7548563480377197, 0.719633162021637, 0.7089284658432007, 0.7697916626930237, 0.741773784160614, 0.7519869804382324, 0.7497223615646362, 0.7360787391662598, 0.7520445585250854]}